{
    "50":0.00517,
    "51":0.00523,
    "52":0.0053,
    "53":0.00537,
    "54":0.00544,
    "55":0.00552,
    "56":0.0056,
    "57":0.00568,
    "58":0.00577,
    "59":0.00587,
    "60":0.00598,
    "61":0.00609,
    "62":0.00621,
    "63":0.00634,
    "64":0.00649,
    "65":0.00664,
    "66":0.0068,
    "67":0.00698,
    "68":0.00718,
    "69":0.00739,
    "70":0.00761,
    "71":0.00786,
    "72":0.00813,
    "73":0.00842,
    "74":0.00874,
    "75":0.00909,
    "76":0.00948,
    "77":0.0099,
    "78":0.01037,
    "79":0.01088,
    "80":0.01144
}