{
    "50":0.00513,
    "51":0.00519,
    "52":0.00526,
    "53":0.00532,
    "54":0.00539,
    "55":0.00547,
    "56":0.00555,
    "57":0.00563,
    "58":0.00572,
    "59":0.00581,
    "60":0.00591,
    "61":0.00602,
    "62":0.00614,
    "63":0.00626,
    "64":0.00640,
    "65":0.00654,
    "66":0.00670,
    "67":0.00687,
    "68":0.00705,
    "69":0.00725,
    "70":0.00746,
    "71":0.00770,
    "72":0.00795,
    "73":0.00823,
    "74":0.00853,
    "75":0.00887,
    "76":0.00923,
    "77":0.00963,
    "78":0.01007,
    "79":0.01056,
    "80":0.01109
}