{
    "50": 0.5581,
    "51": 0.5292,
    "52": 0.4986,
    "53": 0.4642,
    "54": 0.4276,
    "55": 0.38852,
    "56": 0.34579,
    "57": 0.2992,
    "58": 0.24897,
    "59": 0.19422,
    "60": 0.13489,
    "61": 0.07037
}